{
   "classes_":[
      0,
      1
   ],
   "feature_importances_":[
      0,
      0,
      0,
      0,
      0,
      0,
      0,
      0,
      0,
      0,
      0,
      0,
      0,
      0,
      0,
      0
   ],
   "max_features_":16,
   "meta":"decision-tree",
   "n_classes_":2,
   "n_features_":16,
   "n_outputs_":1,
   "params":{
      "ccp_alpha":0.0,
      "class_weight":null,
      "criterion":"gini",
      "max_depth":null,
      "max_features":null,
      "max_leaf_nodes":null,
      "min_impurity_decrease":0.0,
      "min_impurity_split":null,
      "min_samples_leaf":1,
      "min_samples_split":2,
      "min_weight_fraction_leaf":0.0,
      "random_state":null,
      "splitter":"best"
   },
   "tree_":{
      "max_depth":33,
      "node_count":33,
      "nodes":[
         [
            1,
            2,
            0,
            3363.000000,
            0.499680,
            12761,
            12761.0
         ],
         [
            -1,
            -1,
            -2,
            -2.0,
            0.000000,
            35,
            35.0
         ],
         [
            3,
            4,
            0,
            12768.000000,
            0.499604,
            12726,
            12726.0
         ],
         [
            -1,
            -1,
            -2,
            -2.0,
            0.000000,
            97,
            97.0
         ],
         [
            5,
            6,
            0,
            18240.000000,
            0.499351,
            12629,
            12629.0
         ],
         [
            -1,
            -1,
            -2,
            -2.0,
            0.000000,
            40,
            40.0
         ],
         [
            7,
            8,
            0,
            21840.000000,
            0.499227,
            12589,
            12589.0
         ],
         [
            -1,
            -1,
            -2,
            -2.0,
            0.000000,
            22,
            22.0
         ],
         [
            9,
            10,
            0,
            23408.000000,
            0.499154,
            12567,
            12567.0
         ],
         [
            -1,
            -1,
            -2,
            -2.0,
            0.000000,
            10,
            10.0
         ],
         [
            11,
            12,
            0,
            34584.000000,
            0.499119,
            12557,
            12557.0
         ],
         [
            -1,
            -1,
            -2,
            -2.0,
            0.000000,
            62,
            62.0
         ],
         [
            13,
            14,
            0,
            37812.000000,
            0.498889,
            12495,
            12495.0
         ],
         [
            -1,
            -1,
            -2,
            -2.0,
            0.000000,
            18,
            18.0
         ],
         [
            15,
            20,
            10,
            0.000000,
            0.498817,
            12477,
            12477.0
         ],
         [
            16,
            19,
            13,
            2900516096.000000,
            0.497562,
            6244,
            6244.0
         ],
         [
            17,
            18,
            13,
            258389952.000000,
            0.493629,
            5032,
            5032.0
         ],
         [
            -1,
            -1,
            -2,
            -2.0,
            0.499989,
            4485,
            4485.0
         ],
         [
            -1,
            -1,
            -2,
            -2.0,
            0.000000,
            547,
            547.0
         ],
         [
            -1,
            -1,
            -2,
            -2.0,
            0.156891,
            1212,
            1212.0
         ],
         [
            21,
            22,
            9,
            52276.000000,
            0.499624,
            6233,
            6233.0
         ],
         [
            -1,
            -1,
            -2,
            -2.0,
            0.000000,
            4,
            4.0
         ],
         [
            23,
            24,
            0,
            85406.000000,
            0.499605,
            6229,
            6229.0
         ],
         [
            -1,
            -1,
            -2,
            -2.0,
            0.000000,
            35,
            35.0
         ],
         [
            25,
            26,
            0,
            94410.000000,
            0.499425,
            6194,
            6194.0
         ],
         [
            -1,
            -1,
            -2,
            -2.0,
            0.000000,
            5,
            5.0
         ],
         [
            27,
            32,
            10,
            1.000000,
            0.499397,
            6189,
            6189.0
         ],
         [
            28,
            31,
            9,
            273577984.000000,
            0.499235,
            4219,
            4219.0
         ],
         [
            29,
            30,
            9,
            198658000.000000,
            0.450268,
            3082,
            3082.0
         ],
         [
            -1,
            -1,
            -2,
            -2.0,
            0.347282,
            2611,
            2611.0
         ],
         [
            -1,
            -1,
            -2,
            -2.0,
            0.000000,
            471,
            471.0
         ],
         [
            -1,
            -1,
            -2,
            -2.0,
            0.000000,
            1137,
            1137.0
         ],
         [
            -1,
            -1,
            -2,
            -2.0,
            0.499678,
            1970,
            1970.0
         ]
      ],
      "nodes_dtype":[
         "<i8",
         "<i8",
         "<i8",
         "<f8",
         "<f8",
         "<i8",
         "<f8"
      ],